xi,lambda,nu,rho0_tag,scalarized,mode_n,vacuum_sign,sigma0_over_M,ADM_over_Msun,Q_over_Msun,Q_over_ADM,R_star_km
100,1.0e-72,0.0e+00,H,1,0,0,3.534e-04,2.040e+00,8.109e-02,3.974e-02,9.697e+00
100,0.0e+00,0.0e+00,H,1,0,0,2.801e-03,1.957e+00,2.987e-01,1.526e-01,9.750e+00
100,0.0e+00,0.0e+00,H,1,1,0,3.881e-06,2.058e+00,-1.471e-02,-7.147e-03,9.652e+00
100,1.0e-74,0.0e+00,H,1,0,0,2.569e-03,1.974e+00,4.439e-01,2.249e-01,9.748e+00
100,1.0e-74,0.0e+00,H,1,1,0,3.880e-06,2.058e+00,-2.275e-02,-1.105e-02,9.652e+00
100,1.0e-70,0.0e+00,H,1,0,0,3.256e-38,2.125e+00,-1.371e-33,-6.452e-34,9.648e+00
100,1.0e-68,0.0e+00,H,1,2,0,2.499e-35,2.125e+00,-1.052e-30,-4.951e-31,9.648e+00
100,1.0e-66,0.0e+00,H,1,0,0,3.043e-08,2.057e+00,5.697e-05,2.770e-05,9.648e+00
100,1.0e-64,0.0e+00,H,1,0,0,7.910e-36,2.041e+00,-3.245e-31,-1.590e-31,9.648e+00
100,1.0e-60,0.0e+00,H,1,0,0,4.198e-38,2.041e+00,-1.722e-33,-8.436e-34,9.648e+00
100,1.0e-56,0.0e+00,H,0,,,,,,,
100,1.0e-54,0.0e+00,H,0,,,,,,,
100,1.0e-52,0.0e+00,H,0,,,,,,,
100,1.0e-50,0.0e+00,H,0,,,,,,,
100,1.0e-62,0.0e+00,H,1,0,0,3.043e-10,2.039e+00,6.444e-07,3.160e-07,9.648e+00
100,1.0e-58,0.0e+00,H,1,0,0,3.043e-12,2.039e+00,6.416e-09,3.146e-09,9.648e+00
