xi,mu,lambda,nu,rho0_tag,scalarized,mode_n,vacuum_sign,sigma0_over_M,ADM_over_Msun,Q_over_Msun,Q_over_ADM,R_star_km
-10.0,0.0e+00,1.0e-80,0.0e+00,L,0,,,,,,,
-9.75,0.0e+00,1.0e-80,0.0e+00,L,0,,,,,,,
-9.25,0.0e+00,1.0e-80,0.0e+00,L,0,,,,,,,
-9.5,0.0e+00,1.0e-80,0.0e+00,L,0,,,,,,,
-8.75,0.0e+00,1.0e-80,0.0e+00,L,0,,,,,,,
-9.0,0.0e+00,1.0e-80,0.0e+00,L,0,,,,,,,
-8.5,0.0e+00,1.0e-80,0.0e+00,L,0,,,,,,,
-8.25,0.0e+00,1.0e-80,0.0e+00,L,0,,,,,,,
-8.0,0.0e+00,1.0e-80,0.0e+00,L,0,,,,,,,
-7.75,0.0e+00,1.0e-80,0.0e+00,L,0,,,,,,,
-7.5,0.0e+00,1.0e-80,0.0e+00,L,0,,,,,,,
-7.25,0.0e+00,1.0e-80,0.0e+00,L,0,,,,,,,
-7.0,0.0e+00,1.0e-80,0.0e+00,L,0,,,,,,,
-6.75,0.0e+00,1.0e-80,0.0e+00,L,0,,,,,,,
-6.5,0.0e+00,1.0e-80,0.0e+00,L,0,,,,,,,
-6.25,0.0e+00,1.0e-80,0.0e+00,L,0,,,,,,,
-6.0,0.0e+00,1.0e-80,0.0e+00,L,0,,,,,,,
-5.75,0.0e+00,1.0e-80,0.0e+00,L,0,,,,,,,
-5.5,0.0e+00,1.0e-80,0.0e+00,L,0,,,,,,,
-5.25,0.0e+00,1.0e-80,0.0e+00,L,0,,,,,,,
-5.0,0.0e+00,1.0e-80,0.0e+00,L,0,,,,,,,
-4.75,0.0e+00,1.0e-80,0.0e+00,L,0,,,,,,,
-4.5,0.0e+00,1.0e-80,0.0e+00,L,0,,,,,,,
-4.25,0.0e+00,1.0e-80,0.0e+00,L,0,,,,,,,
-3.75,0.0e+00,1.0e-80,0.0e+00,L,0,,,,,,,
-4.0,0.0e+00,1.0e-80,0.0e+00,L,0,,,,,,,
-3.5,0.0e+00,1.0e-80,0.0e+00,L,0,,,,,,,
-3.25,0.0e+00,1.0e-80,0.0e+00,L,0,,,,,,,
-3.0,0.0e+00,1.0e-80,0.0e+00,L,0,,,,,,,
-2.75,0.0e+00,1.0e-80,0.0e+00,L,0,,,,,,,
-2.5,0.0e+00,1.0e-80,0.0e+00,L,0,,,,,,,
-2.25,0.0e+00,1.0e-80,0.0e+00,L,0,,,,,,,
-2.0,0.0e+00,1.0e-80,0.0e+00,L,0,,,,,,,
-1.75,0.0e+00,1.0e-80,0.0e+00,L,0,,,,,,,
-1.5,0.0e+00,1.0e-80,0.0e+00,L,0,,,,,,,
-1.25,0.0e+00,1.0e-80,0.0e+00,L,0,,,,,,,
-1.0,0.0e+00,1.0e-80,0.0e+00,L,0,,,,,,,
-0.75,0.0e+00,1.0e-80,0.0e+00,L,0,,,,,,,
-0.5,0.0e+00,1.0e-80,0.0e+00,L,0,,,,,,,
-0.25,0.0e+00,1.0e-80,0.0e+00,L,0,,,,,,,
0.0,0.0e+00,1.0e-80,0.0e+00,L,0,,,,,,,
0.25,0.0e+00,1.0e-80,0.0e+00,L,0,,,,,,,
0.5,0.0e+00,1.0e-80,0.0e+00,L,0,,,,,,,
0.75,0.0e+00,1.0e-80,0.0e+00,L,0,,,,,,,
1.0,0.0e+00,1.0e-80,0.0e+00,L,0,,,,,,,
1.25,0.0e+00,1.0e-80,0.0e+00,L,0,,,,,,,
1.5,0.0e+00,1.0e-80,0.0e+00,L,0,,,,,,,
1.75,0.0e+00,1.0e-80,0.0e+00,L,0,,,,,,,
2.0,0.0e+00,1.0e-80,0.0e+00,L,0,,,,,,,
2.25,0.0e+00,1.0e-80,0.0e+00,L,0,,,,,,,
2.5,0.0e+00,1.0e-80,0.0e+00,L,0,,,,,,,
2.75,0.0e+00,1.0e-80,0.0e+00,L,1,0,0,3.667e-02,1.130e+00,1.243e-01,1.100e-01,1.177e+01
3.0,0.0e+00,1.0e-80,0.0e+00,L,1,0,0,6.654e-02,1.113e+00,2.345e-01,2.106e-01,1.175e+01
3.5,0.0e+00,1.0e-80,0.0e+00,L,1,0,0,9.021e-02,1.089e+00,3.395e-01,3.117e-01,1.171e+01
3.25,0.0e+00,1.0e-80,0.0e+00,L,1,0,0,8.121e-02,1.100e+00,2.963e-01,2.693e-01,1.173e+01
3.75,0.0e+00,1.0e-80,0.0e+00,L,1,0,0,9.613e-02,1.080e+00,3.722e-01,3.445e-01,1.169e+01
4.0,0.0e+00,1.0e-80,0.0e+00,L,1,0,0,1.001e-01,1.073e+00,3.981e-01,3.711e-01,1.168e+01
4.5,0.0e+00,1.0e-80,0.0e+00,L,1,0,0,1.047e-01,1.061e+00,4.368e-01,4.117e-01,1.166e+01
4.25,0.0e+00,1.0e-80,0.0e+00,L,1,0,0,1.029e-01,1.066e+00,4.192e-01,3.931e-01,1.167e+01
4.75,0.0e+00,1.0e-80,0.0e+00,L,1,0,0,1.060e-01,1.056e+00,4.516e-01,4.277e-01,1.165e+01
5.0,0.0e+00,1.0e-80,0.0e+00,L,1,0,0,1.067e-01,1.052e+00,4.644e-01,4.416e-01,1.164e+01
5.25,0.0e+00,1.0e-80,0.0e+00,L,1,0,0,1.071e-01,1.048e+00,4.755e-01,4.538e-01,1.163e+01
5.5,0.0e+00,1.0e-80,0.0e+00,L,1,0,0,1.073e-01,1.044e+00,4.852e-01,4.646e-01,1.163e+01
5.75,0.0e+00,1.0e-80,0.0e+00,L,1,0,0,1.072e-01,1.041e+00,4.938e-01,4.743e-01,1.163e+01
6.0,0.0e+00,1.0e-80,0.0e+00,L,1,0,0,1.070e-01,1.038e+00,5.014e-01,4.829e-01,1.162e+01
6.25,0.0e+00,1.0e-80,0.0e+00,L,1,0,0,1.067e-01,1.036e+00,5.083e-01,4.908e-01,1.162e+01
6.5,0.0e+00,1.0e-80,0.0e+00,L,1,0,0,1.062e-01,1.033e+00,5.145e-01,4.979e-01,1.162e+01
6.75,0.0e+00,1.0e-80,0.0e+00,L,1,0,0,1.057e-01,1.031e+00,5.200e-01,5.044e-01,1.161e+01
7.25,0.0e+00,1.0e-80,0.0e+00,L,1,0,0,1.046e-01,1.027e+00,5.298e-01,5.160e-01,1.161e+01
7.0,0.0e+00,1.0e-80,0.0e+00,L,1,0,0,1.052e-01,1.029e+00,5.251e-01,5.104e-01,1.161e+01
7.5,0.0e+00,1.0e-80,0.0e+00,L,1,0,0,1.039e-01,1.025e+00,5.340e-01,5.211e-01,1.161e+01
7.75,0.0e+00,1.0e-80,0.0e+00,L,1,0,0,1.033e-01,1.023e+00,5.380e-01,5.259e-01,1.161e+01
8.0,0.0e+00,1.0e-80,0.0e+00,L,1,0,0,1.026e-01,1.021e+00,5.416e-01,5.303e-01,1.161e+01
8.25,0.0e+00,1.0e-80,0.0e+00,L,1,0,0,1.019e-01,1.020e+00,5.449e-01,5.344e-01,1.161e+01
8.5,0.0e+00,1.0e-80,0.0e+00,L,1,0,0,1.012e-01,1.018e+00,5.480e-01,5.383e-01,1.161e+01
8.75,0.0e+00,1.0e-80,0.0e+00,L,1,0,0,1.005e-01,1.016e+00,5.509e-01,5.420e-01,1.161e+01
9.0,0.0e+00,1.0e-80,0.0e+00,L,1,0,0,9.981e-02,1.015e+00,5.536e-01,5.455e-01,1.161e+01
9.25,0.0e+00,1.0e-80,0.0e+00,L,1,0,0,9.910e-02,1.013e+00,5.561e-01,5.487e-01,1.161e+01
9.5,0.0e+00,1.0e-80,0.0e+00,L,1,0,0,9.841e-02,1.012e+00,5.585e-01,5.518e-01,1.161e+01
9.75,0.0e+00,1.0e-80,0.0e+00,L,1,0,0,9.771e-02,1.011e+00,5.607e-01,5.548e-01,1.161e+01
10.0,0.0e+00,1.0e-80,0.0e+00,L,1,0,0,9.702e-02,1.009e+00,5.628e-01,5.576e-01,1.161e+01